trial,contrast_left,contrast_right,response,feedback,PC1,PC2,PC3,PC4,PC5,PC6,PC7,PC8,PC9,PC10
0,0.0,0.0,0.0,1.0,-0.29334696135461036,0.06925389868266216,0.06676419767516259,-0.13700949794265668,0.019672122375885295,-0.09493084467687511,-0.1015795150963477,-0.04383707339372404,0.020974088088361764,-0.01286284861067156
1,0.0,0.0,1.0,-1.0,-0.29516522936217915,0.11432747629422589,0.03151107658495799,-0.1519228018554424,0.04369062767214574,-0.08197498381634237,-0.13659646789549842,-0.07431133720728253,0.054934576583862506,-0.011742736086770705
2,0.0,0.0,0.0,1.0,-0.30022366528019445,0.09595420016758434,0.053124831391811754,-0.13470639999804848,0.02366925246318636,-0.07469387527837129,-0.10211560428207431,-0.10259075637305431,0.09432139567859196,-0.023675053913102012
3,1.0,0.5,1.0,1.0,-0.33916276442567594,0.09085573987758913,0.06455360607561897,-0.12392058662814659,0.007436421641838825,-0.13100006155523033,-0.10722683512588717,-0.06119901833001095,0.038048985051534284,-0.03251957219040061
4,0.25,0.5,-1.0,1.0,-0.2938799185374441,0.09191145469979473,0.06483915542611327,-0.10944163803700391,0.02697198878150439,-0.022074848877109806,-0.10427093653351653,-0.07516964292582358,0.06609816835996489,-0.005050098708091426
5,0.5,0.5,-1.0,1.0,-0.3451128193887879,0.0890503816417507,0.09123844949373697,-0.12300888284959938,-0.010395184448682388,-0.04503645377406305,-0.12489066934869697,-0.010722078191504171,0.0313658400678163,-0.0004564464827012572
6,0.0,0.5,-1.0,1.0,-0.38240856245744304,0.06595494479494717,0.07307411057593481,-0.11016522715226987,-0.03760679034019149,-0.07567192400161503,-0.09292845916247311,-0.04144807242407375,-0.011807086890317816,0.020700205672005163
7,0.0,1.0,-1.0,1.0,-0.3426910731084479,0.09398231455881755,0.09813838291328467,-0.11239795789233006,0.014007884428893278,-0.046547578112330665,-0.10562862083280634,-0.0528912359664458,0.04992526528498104,0.011655030617719267
8,1.0,0.25,1.0,1.0,-0.32940962696116033,0.08797181966771035,0.07970235690999179,-0.09377118324593416,0.01102049936750819,-0.04629231919919601,-0.043358394336567185,-0.03899831744597488,0.03078618800888189,-0.03674376917966668
9,0.25,1.0,-1.0,1.0,-0.3579800687456667,0.09170627753781657,0.05029939093786689,-0.10917925130266819,0.01325458976203456,-0.011457657740488734,-0.09914367576157725,-0.06871388688618467,0.04983618423751559,-0.01268015662281639
10,0.0,0.5,-1.0,1.0,-0.3306628989648043,0.08048983280325482,0.09418901421810537,-0.11860047172259461,-0.005612704871374406,-0.03935481245315966,-0.10674370545265488,-0.03333415027812177,0.019095562198565418,-0.0341425479279345
11,0.25,1.0,-1.0,1.0,-0.350715096621047,0.0900667459708925,0.08886124645871189,-0.08180104117267374,0.019259156051582415,-0.055437819353838604,-0.035646917007941516,-0.05750433233878536,0.022001806944474518,-0.031675246079197666
12,0.5,0.0,1.0,1.0,-0.3591870398399061,0.11877120822780854,0.07403057697047727,-0.08042643547073204,0.024142446207473644,-0.04256668833052741,-0.07287704207878523,-0.04374699236449042,-0.00733920127364874,-0.010713431010884494
13,0.0,0.0,0.0,1.0,-0.38894770043175464,0.09950901111895966,0.05260640922180305,-0.08848820885070555,-0.01163078403242162,0.0009942771543909694,-0.08685164902844386,-0.04973898514093626,0.04505199353600611,0.007464078271387196
14,0.0,0.0,-1.0,-1.0,-0.3795966488234825,0.1281816466356577,0.16105788366555832,-0.10253851918276287,0.02867462495525976,-0.054093156568973226,-0.05510593788566328,-0.05274252686544568,0.013513720772635953,-0.011312790106032209
15,0.0,0.0,0.0,1.0,-0.38398433177814995,0.1373644655026096,0.10577771262118067,-0.10044683820427573,0.0346787442896535,-0.04571012770529074,-0.07917176205919312,-0.01036147035781826,0.003972363318839248,-0.029509085150260263
16,0.25,0.0,1.0,1.0,-0.40370952970002066,0.15263370954830247,0.13355275593645757,-0.13290247531519145,-0.00914766728108186,0.016583939986404273,-0.054157767890360545,-0.07864107628225367,0.04087952521479386,-0.02883772662988943
17,1.0,0.5,1.0,1.0,-0.39929367920013015,0.08786298818397992,0.12049738347524364,-0.1279374337816953,-0.036278980563229514,-0.003469208104743245,-0.08064957979738305,-0.026536658627153986,0.0034275157103084795,-0.01971526537149092
18,1.0,0.0,1.0,1.0,-0.42360266683796394,0.1451936024616009,0.08475189895294673,-0.07962850565017868,0.02758508180795166,-0.036472128010226215,-0.12291311066211658,-0.07075929809897896,0.025841229006668538,0.01362016072197202
19,1.0,0.0,1.0,1.0,-0.416859782864372,0.13067423257756688,0.15395469552419436,-0.10972551997144453,-0.015036645101984547,0.007388388675831103,-0.05632495472187142,-0.023464551684053432,0.004537400841097826,0.006797602830857471
20,0.5,1.0,1.0,-1.0,-0.4393352486719689,0.1480917185031614,0.11525179629980448,-0.08494805412549469,-0.004633976449224135,-0.011980938997486227,-0.04962621465589356,-0.003899903535185041,-0.01782414493495806,0.03377291329230578
21,0.25,0.0,-1.0,-1.0,-0.4269370416819592,0.14697355325684616,0.1013607724927504,-0.08468594392653134,0.018977006688548657,0.01875193569716919,-0.08052532657722389,-0.02259984326878041,0.03170425320163793,0.02046791866161885
22,0.25,0.25,1.0,1.0,-0.43473191960455565,0.13211549008585094,0.1010927053308249,-0.07050453062778761,-0.01042658647954031,-0.012956264605808333,-0.06974370947059254,-0.02662678796754269,-0.000446298615711229,0.036184180136551676
23,0.25,1.0,-1.0,1.0,-0.44671115648054993,0.2013791331662576,0.10630372760571492,-0.08392831601405498,-0.007463753015938261,0.01528125375032892,-0.03581474730337569,-0.003426759776476318,0.02042704310756976,0.06348341824404628
24,0.0,0.25,-1.0,1.0,-0.43207283827243037,0.15610230805590983,0.12908739277275302,-0.09935987822807656,-0.020313697708552916,0.005576453041048966,-0.017620439682509613,-0.005592501669437764,-0.014659715912963004,0.009950556227656672
25,0.0,0.0,0.0,1.0,-0.4414619585966122,0.1708797003338414,0.11290108913601146,-0.09466884879334606,-0.01758159980159803,0.014615484426667456,-0.01755222750104187,-0.005438367558655501,0.007488960737756522,-0.01457744928585489
26,0.5,0.25,1.0,1.0,-0.4603073615621552,0.2284780151413608,0.08365152181140395,-0.11611109544588008,0.0017112007637919752,0.018009962829818964,-0.001985875085487719,0.0038273759672072527,-0.037423891616421096,0.0035811834004715833
27,1.0,0.25,1.0,1.0,-0.43827922212535936,0.1606635390268002,0.07713173972396352,-0.07249668887552019,-0.04171153069112671,0.02720807345810041,0.011985295446505428,-0.016974148356113897,-0.025251052412060517,0.01924845622403687
28,0.0,0.0,-1.0,-1.0,-0.46890938435969537,0.1945753782482017,0.12563112587617398,-0.0816239230063577,0.020003695501925097,0.0037993961519591037,-0.013046388206011086,-0.03596917625826108,0.004212251268638887,0.035834211428965326
29,0.0,0.0,0.0,1.0,-0.4722443185095446,0.16620511482057054,0.14679467373425076,-0.07438844388855298,-0.017763750737773823,0.026921315057568538,0.012881739500343466,-0.02289532882542931,0.0012143161847734663,0.005702457445636706
30,1.0,0.5,1.0,1.0,-0.46708235662790576,0.2182885806950605,0.14210973750345704,-0.09280023712996288,0.0036223210955526573,0.039989001982673925,-0.01034029229844908,-0.018776369657866363,0.009933201982382596,-0.013602745943752515
31,0.0,0.0,-1.0,-1.0,-0.45463952133297497,0.19791412931111804,0.1299819540199449,-0.07532075345545147,-0.0026818808929242343,0.047958580443261054,0.03050749923872706,0.0011496979585756105,0.030021693841384974,0.009906023135642088
32,0.0,0.0,0.0,1.0,-0.45290842639979767,0.19213640879293148,0.19093661898717343,-0.04181992689332239,0.03555152412573822,0.03515133627265554,0.012823145843219507,0.03496858595868309,-0.012596065538575296,0.006868809423465347
33,0.0,0.0,0.0,1.0,-0.45412082780596585,0.19924174730529456,0.15799168294459168,-0.0741623971718277,0.05779904266741403,0.02931442420944168,-0.04774878216497705,0.014287933602558473,-0.003980552878034339,0.015839876611264812
34,0.5,0.0,-1.0,-1.0,-0.4795475664034239,0.18023769840241788,0.1683872206164689,-0.010450354025475792,0.04354774173431672,0.04529601163229402,0.021872610763064144,0.01903973122748858,-0.020589156393030963,0.03501265051500296
35,0.5,0.25,-1.0,-1.0,-0.47038095508004507,0.19141814487972458,0.1739396084634598,-0.04686237872475108,0.02087594043467246,0.02453249461589369,0.021052336463127784,0.010671581206736221,-0.02423200539017794,0.013096462589184428
36,0.0,1.0,-1.0,1.0,-0.4873142547458723,0.18148473074602225,0.21136318523996558,-0.019366786216482513,0.03092541275371331,0.07938958455944621,0.004432705551457043,0.047602318342906944,-0.036007891167523,0.03951252638480193
37,0.5,0.0,1.0,1.0,-0.5068036164079518,0.16828370995191289,0.13857760907921585,-0.01854629679150112,-0.019574178767111095,0.048687612675661934,0.013548743635244553,0.029944542859937792,-0.008648599011203757,0.06626744978237194
38,0.5,0.5,1.0,1.0,-0.4892060717913954,0.1681479458064284,0.1676576020289209,-0.0274143722950166,-0.008080902398406671,0.07944222432774346,0.025898876221301596,0.02336224982794506,-0.02746528852099301,0.05762827098514685
39,1.0,0.5,1.0,1.0,-0.4761759812815129,0.18517118049426917,0.13437971724190045,-0.038690602541718855,-0.006760438637289467,0.0312972249992116,0.030674739774387463,0.029891890398148484,-0.05124707733863543,0.017065077496825013
40,0.0,0.5,-1.0,1.0,-0.4629204075968028,0.1818726339439937,0.17378283214673257,-0.03490886368450984,-0.006797093478130866,0.09865413177798397,0.06922185828894896,0.08417380137343501,-0.02719238112129252,0.026975180884494857
41,0.0,0.0,0.0,1.0,-0.4880861971221218,0.17391534106044643,0.20424418278706244,0.006447055209783937,-0.019323475465669156,0.10636249131662738,0.09148906284429152,0.05490075842365002,-0.05079334457067755,0.057048164013784756
42,0.25,0.0,1.0,1.0,-0.4463474714196433,0.19135407930097983,0.19161715301919552,-0.008028012550709993,0.03367255281327353,0.061923615689337914,0.07711627530614147,0.043822636796977794,-0.04489982868731562,0.04763878992930265
43,0.25,0.5,-1.0,1.0,-0.45995837706854154,0.20142397059219808,0.167591291679705,-0.006845466685063281,0.03266458855346958,0.05770932632923915,0.056165611334955984,0.04396800267161799,-0.042104707991315576,0.029986997934302328
44,0.0,0.25,-1.0,1.0,-0.44828457968530805,0.17547436375744968,0.13609283256669247,0.023898273021909753,-0.018839185657724945,0.057987278901008146,0.13476665635514407,0.036484283218317495,-0.04753423964464792,0.02444539286679082
45,1.0,0.5,1.0,1.0,-0.4308735810365514,0.14340690271339446,0.19390214768530226,0.0468039062012187,0.011041638383144448,0.05641331767762907,0.12127521967808758,0.06345813855676305,-0.036956793068465194,0.024112481826393813
46,0.5,0.0,1.0,1.0,-0.42270832971350386,0.1948325323784543,0.10263706070371313,0.01798779607986298,0.028462937587469393,0.056563179745392614,0.08200812381365258,0.043098874273865564,-0.0032440458206264796,0.0058429988798800285
47,0.25,1.0,-1.0,1.0,-0.3721186709814744,0.13328590499814194,0.11129405676260404,0.08046446794073575,0.032270881763896135,0.07053381878795206,0.10373770235061484,0.05278823100815733,-0.02596848310491871,0.014147217500742031
48,0.5,0.0,1.0,1.0,-0.3640180070083123,0.20420506576441289,0.1079300122178469,0.037171573507140565,0.07341487934069858,0.079927225981293,0.03945979949530163,0.05266579692821089,-0.020378008249076183,0.007942599173571738
49,0.0,1.0,-1.0,1.0,-0.38066952286780353,0.13797633096288112,0.12330399899213189,0.08211916167890178,0.0031371875159017957,0.06664261448381294,0.13157388379721516,0.05341127016012599,0.0055740754262326025,0.024529106871694222
50,0.0,1.0,-1.0,1.0,-0.34221518898345366,0.1511959390757043,0.1869962633904754,0.017181077738737158,0.043462011200843795,0.07354662391667238,0.07389509282445039,0.07019734991473653,0.025822779539681862,0.003259107690624615
51,0.25,0.0,1.0,1.0,-0.2960209364237706,0.19626634063889004,0.09945543384443137,0.05274245972693225,0.0709652570765451,0.03818688945355442,0.11066261000637849,0.07125134178374633,-0.0007861623212248596,-0.002259303573216156
52,1.0,1.0,-1.0,1.0,-0.2801730464883387,0.13594683698942514,0.08575064828487551,0.09647199238839886,0.054190282041852465,0.062186690420337344,0.1263407762106175,0.06753567844035194,0.05212039046245063,-0.03257566096019192
53,0.0,1.0,-1.0,1.0,-0.25148834849375773,0.18508936278708496,0.08532328553005605,0.045518207649481696,0.053458075651997,0.027954817770497777,0.07592846937970614,0.11793889371268484,-0.010592726930357902,-0.018328876728386453
54,0.0,1.0,-1.0,1.0,-0.2163726678691263,0.19566528243352024,0.13215145318549998,0.13917689837798797,0.0059309582652275275,0.0008179070801426576,0.0975829487484606,0.13192549984202218,0.06394701432241065,-0.06478765051897857
55,1.0,0.0,1.0,1.0,-0.11833562134023176,0.32222831509917715,0.12697073043205612,0.20247865979677812,-0.05594976435187239,-0.04368687314253156,0.01192368518279044,0.24475802345127262,0.16092582602130714,-0.15046280649861257
56,0.5,0.0,1.0,1.0,0.048642493548393215,0.43628577544489094,0.13001757335146796,0.33327005334135684,-0.2835334884512599,-0.08300490865395593,-0.0011712211244921536,0.2629549482191877,0.20196541990569622,-0.12633235332881312
57,0.0,1.0,-1.0,1.0,0.1735941088166412,0.6120694259881482,0.1216989400461459,0.46554180050294913,-0.43312883759828424,-0.14763330145022135,-0.05693065431736287,0.11679676507431494,0.00823228886352849,-0.12450840295620862
58,0.25,1.0,-1.0,1.0,0.30654208324491816,0.6953080279442716,0.13583180941696643,0.49589936996510614,-0.5178341053388498,-0.1037284921384018,-0.10826815082581921,-0.049087275561679265,-0.01676716528563748,0.025591594501014895
59,0.5,0.25,-1.0,-1.0,0.25994973729388887,0.6003738050619796,0.15308442262206112,0.45621188607230406,-0.4714413076068896,-0.12916207588568546,-0.023795429767783,-0.16594198655799378,-0.07555349569920801,0.11908184099318489
60,0.0,0.0,0.0,1.0,0.1867835643276639,0.567878139987941,0.09845699268496641,0.36565212852004925,-0.2115121640408215,-0.05861821483520504,-0.012929690879714753,-0.14719167742916495,-0.10951733411447581,0.10565038836869586
61,0.0,0.0,0.0,1.0,0.12886962579772626,0.48400448788099787,-0.004775651780784053,0.32596728941982267,-0.0904525469013284,-0.03076983680079935,0.05365832718117315,-0.15627909368379442,-0.09257555565122201,0.024806166355806934
62,0.25,0.5,-1.0,1.0,0.12162314513302405,0.4315459137487295,0.0037504875348652153,0.23107224669712106,0.05734966740605896,-0.01921177677268036,0.0809149277109258,-0.1312250971490144,-0.05938672101974631,0.00233031946094511
63,1.0,0.25,1.0,1.0,0.13326167407205808,0.42980040102183575,-0.04689238316970367,0.18264536883783997,0.24949840631799136,-0.008545444707011017,0.11355612260564636,-0.13394429460776747,0.017267485829221694,-0.008089315642704105
64,0.0,0.0,0.0,1.0,0.12733695643171822,0.35445629209485235,-0.002913397636944075,0.18007028339237116,0.23662937078304322,0.019826878381352275,0.12515770520141278,-0.12429791684812537,0.023620077522790873,-0.019699302196836393
65,0.0,1.0,-1.0,1.0,0.20831598583693536,0.4167621232004279,-0.038640405218551235,0.1991410540917164,0.27603437593320557,-0.008695279277567232,0.10791742311010037,-0.146595643153132,0.015992270038647567,-0.07115705479902631
66,0.0,1.0,-1.0,1.0,0.20831443936612928,0.38823254428636617,0.005971983054497915,0.21018600021129402,0.27047353568220056,0.006900215678185911,0.11682917504941026,-0.11243252174409923,-0.006325852133222126,-0.04970120906768683
67,0.0,0.0,1.0,-1.0,0.28011384898438796,0.3976130448148527,-0.001959897321539113,0.1934744843390016,0.30280463560064036,0.020193074463738952,0.08421647173786961,-0.11169325457012158,-0.004796894375072459,-0.0938432899716314
68,0.0,0.0,0.0,1.0,0.3677181840570405,0.37114382116862493,-0.031183781885231205,0.15153201213141143,0.2886993460648878,0.03242429716856751,0.0333315325879632,-0.0611921704832574,0.020847167950119438,-0.011494293751951564
69,1.0,0.0,1.0,1.0,0.4137483509594233,0.41051948986760345,-0.009720976426147292,0.1672989770684352,0.3188442138570669,0.014952052709437254,0.017355608955488655,-0.02485742073005519,-0.003973431431840748,-0.008181542577991975
70,1.0,0.25,1.0,1.0,0.44336874014093874,0.3498856568424702,-0.013822819899198594,0.13671377142826158,0.2777714385243163,0.018293933869023185,-0.015142679567056533,-0.024273260005672856,0.030579810067513733,-0.0024932853634739753
71,0.5,0.0,1.0,1.0,0.4784835183866369,0.3695762766643166,-0.01921707940955724,0.13567502349948288,0.23819484003767705,0.020675372840450793,-0.04613855871694697,0.024717667141747175,0.06638665640239681,-0.012411475905809391
72,0.0,0.0,0.0,1.0,0.5164046693997717,0.39346994244205274,-0.006219078414052695,0.051967301010487514,0.2620771892140175,0.07203794384321216,-0.08046734556369815,0.015362317588873867,0.011717673179990805,-0.024907944585267135
73,0.25,0.5,1.0,-1.0,0.5239200436285187,0.32999178508939875,0.011820243252650912,0.12367733038218158,0.210514968852414,0.01817728021795131,-0.1404472640315389,0.11593828916834562,0.0599905050325342,0.00040918825897871185
74,0.0,0.0,0.0,1.0,0.6034828399774327,0.3257880982287423,-0.0034346894768880905,0.0556322498349815,0.15935025161945335,0.029108822513094903,-0.0887606507916569,0.07822953812884666,0.07510430799457112,0.07284190891889421
75,0.5,0.25,1.0,1.0,0.5616798345973782,0.3519704427555887,-0.03152770175737636,0.050443615598813656,0.08841233901566392,0.028941486964333636,-0.13208289659062247,0.10373919385617507,0.0692819327480223,0.017716908541162726
76,0.25,0.25,-1.0,-1.0,0.5921737035565428,0.29594023284969967,-0.04140010013628913,0.017738420494143297,0.06052101259958708,0.026721717920281187,-0.11534278042148968,0.05821607385570094,0.0247387930974741,0.07656117970513476
77,0.5,0.25,1.0,1.0,0.5903582803880122,0.28811183215640146,-0.03441311747997371,-0.012876303724610853,0.12417153847543282,0.0498675219402558,-0.1152117134052645,0.016124969302105628,0.05569866149145098,0.057572777521835906
78,0.25,1.0,-1.0,1.0,0.5697194783534176,0.2747700156352027,-0.051129552601777414,-0.017595413766667484,0.08996558058123981,0.04509543453167472,-0.10697567453651412,0.07992270991215272,-0.0006331247841312783,0.048073493605349384
79,0.25,0.0,1.0,1.0,0.584798565739632,0.23056724859837818,-0.05086828451303194,-0.048704772321572644,0.061487251443322184,0.0604867371233585,-0.08750724974677118,0.0513560300993502,0.05597284380201589,0.07626114483314657
80,0.25,0.25,1.0,-1.0,0.5090418023248128,0.22832616388123916,-0.054342080299586974,-0.08804983924415538,0.08595794570150436,0.021004402024970694,-0.10919994510050522,0.024836640420853758,-0.03717850267764723,0.07199860786684065
81,1.0,0.0,1.0,1.0,0.5359177665048298,0.2536171358270562,-0.036566804974452576,-0.06626955533732942,0.00013151011267009585,0.11271211975953434,-0.0855111291773297,0.04451795340582675,0.022641979677131024,0.06346902586240888
82,0.0,0.0,-1.0,-1.0,0.5655535408343402,0.22185019553795413,-0.040102880738542845,-0.07430188910837648,0.03897352519353629,0.025594775535228837,-0.07424627102422543,0.046973411321274826,-0.006017658900695152,-0.0043954628974939795
83,0.0,0.0,0.0,1.0,0.5229439774295007,0.20581559381129047,0.016851218666722453,-0.12728861030323116,0.0009300152002751639,0.06899785984553229,-0.10582209928338772,0.00734956751502476,-0.06877566485014946,-0.009701289322460088
84,0.25,0.0,1.0,1.0,0.5685967544647752,0.21569869613887094,-0.025916462499716925,-0.1312136867368557,-0.045030343207457905,0.04136952262724299,-0.08095387890330077,0.05282866560884135,-0.013277252711998604,0.03346563159468599
85,0.0,0.5,-1.0,1.0,0.5589395474648534,0.26063570833653127,-0.054557685038600354,-0.14856942685802335,-0.06549309668016425,0.0587481007719545,-0.043884868902214234,0.02168834349451591,-0.0945336389511708,0.011996684299942412
86,0.0,0.0,-1.0,-1.0,0.4710321177624992,0.20638574014380814,-0.05036510903643476,-0.14417050953184204,-0.10200182006188944,0.09977817425322744,-0.02664414413373797,0.0061329722774743365,-0.016946363851197098,0.09993199958195581
87,0.0,0.0,0.0,1.0,0.5071352108347719,0.18337272591800396,0.014548186057410485,-0.19157957107514687,-0.030211988630217148,0.09087419145157355,0.015094104875257143,0.04681619911525789,-0.053767232217268555,-0.03097698787223985
88,0.5,0.25,1.0,1.0,0.4585087032989542,0.16049343400355454,-0.0007169243957647616,-0.19562182285184013,-0.05972238283619122,0.10960129698044545,0.03644476349741,0.04286378312675792,-0.06328309472778432,0.029836734244777084
89,1.0,0.25,1.0,1.0,0.4775919029467364,0.14588472666251717,0.0016003481691423105,-0.18771565180435493,-0.07166973568663049,0.04601795793229993,0.028798054197967587,-0.012919025039586798,-0.04984946590659896,0.04306843798753379
90,0.25,1.0,-1.0,1.0,0.4650680639451862,0.1395935046369027,0.03615440070537926,-0.21232258557060593,-0.07615621516821111,0.13707757807211632,-0.018247248199849592,0.024745876275228434,-0.07739355504687002,-0.02741200002259529
91,0.0,0.0,1.0,-1.0,0.4636854878728435,0.11112259054965265,0.020583812200228768,-0.15452511520635975,-0.12854655482352434,0.0767291734672975,0.020763940486208273,0.02918084080321754,-0.05382689775470781,0.007584126326036007
92,0.0,0.0,-1.0,-1.0,0.42060452117938985,0.12659299150607664,0.06628124675571358,-0.21742830445439718,-0.1142223664323899,0.06246131817272835,0.036823870947836054,-0.0230691994206054,-0.073505773810725,-0.01791656004106657
93,0.0,0.0,1.0,-1.0,0.47456107699147854,0.12476446881215168,0.07439716766607275,-0.19364026736415904,-0.08605642161804335,0.06189944556355961,0.009980057359736475,0.03160488507671694,-0.0444946583414099,-0.015529900642540333
94,0.0,0.0,-1.0,-1.0,0.4305935159066822,0.12934995716962902,0.047375874365335545,-0.1586026384017593,-0.08833829196148402,0.05620320775571146,0.022967877125914405,-0.016885548801666386,-0.06229651652336498,-0.05148480113190459
95,0.0,0.0,-1.0,-1.0,0.4388190794942541,0.09660419957994937,0.02959496156460966,-0.18358592175754004,-0.11668800800128706,0.04465561350910127,0.019535279475916156,-0.025365521916592082,-0.06738186997909155,-0.036913690591466305
96,0.0,0.0,0.0,1.0,0.41178714833350283,0.11335058054531186,0.009528068774152826,-0.16692473210814807,-0.07735472226017864,0.04185598805737146,0.023102238355449604,-0.028335120467271074,-0.03774784738686622,-0.018265649455797596
97,0.25,1.0,-1.0,1.0,0.3873912920138015,0.11121599446374411,0.029319238128342497,-0.21121406417317629,-0.09981006093692847,0.028594018543608594,0.0114938211327651,0.004950562781756173,-0.06023733079087649,-0.07762406068630023
98,1.0,0.0,1.0,1.0,0.4292412393730545,0.060135140092031414,0.013018043833952324,-0.213442849879862,-0.08152227897852674,0.047432518441208306,0.05271045452130498,-0.0530800077668561,-0.0007020631734999067,0.0002907885136735414
99,0.0,0.0,0.0,1.0,0.35439261725600474,0.053507103527103465,0.05252409917566907,-0.2302993087978387,-0.1103092358712149,-0.0022874434360910306,0.023107399339757556,-0.021989851242602373,-0.014721751768654446,-0.026085652254591588
100,0.0,0.5,-1.0,1.0,0.3435700233539851,0.008472516306594267,0.07011244229547367,-0.1557632131389599,-0.1177748091184106,0.0034012795616164882,0.0711600093963391,-0.04270245058979756,-0.01993776074126233,-0.09408201439685482
101,0.0,1.0,-1.0,1.0,0.37661483619574304,0.057406078746989525,0.0928554764686509,-0.20795886350235854,-0.12354280633891891,0.061074498364260814,0.0162924090139733,-0.044067657750515694,0.01433188087287783,-0.0206996449203776
102,0.0,1.0,-1.0,1.0,0.374940954171405,-0.004256627615961035,0.13275995026270565,-0.20333902356715441,-0.12448002555747753,0.005252576306846511,0.05061324914875926,0.025676049535557233,-0.03491318028298904,-0.09768799718021594
103,0.5,0.0,1.0,1.0,0.314056958565247,-0.007628478975417784,0.11905707181766353,-0.1828244944923846,-0.09449325440745639,0.002246069008319252,0.05510370824522191,-0.029317133130704602,0.038234609041586716,-0.06951235223306501
104,0.5,0.25,1.0,1.0,0.34372609333266047,-0.003495315248245624,0.06826918252368236,-0.14693158892108343,-0.107846989849836,0.014305759760007029,0.03523206438552039,-0.03269890696099136,0.07060010831836357,-0.04186311533945296
105,0.0,0.0,-1.0,-1.0,0.37243987306628945,-0.06037727851946631,0.10822700694343915,-0.1857029416724923,-0.0293884308649919,-0.028173151230996257,0.02509494380252734,-0.036734830831097805,0.007977209812773011,-0.023602781900799768
106,0.0,0.0,0.0,1.0,0.31930901252476496,-0.06276651006810152,0.09903375901606246,-0.1523948204455773,-0.12568951874600065,0.03687291012329836,0.07008217366131156,-0.03192211131674558,0.03650295865094456,-0.022541467216769126
107,0.5,0.0,1.0,1.0,0.33384396144598194,-0.011006627356604579,0.10705230959855316,-0.12174835401028526,-0.04292444836421099,-0.011046829892899701,0.04133296563469359,-0.02574462162184889,0.004939323378886243,-0.039577317699056945
108,1.0,0.0,1.0,1.0,0.3190960353048783,-0.05616239433546278,0.11159079824193889,-0.1063018752669608,-0.09255926955673263,-0.011513996254235015,0.07690563665391349,-0.013869374619858429,0.03831768797490516,-0.013843265193490968
109,0.5,0.0,1.0,1.0,0.34177269945242683,-0.06618002732674379,0.06656943427864642,-0.13338339543378872,-0.060156067898555945,-0.04303621810683463,0.06525515017824307,-0.0013611820418995915,0.01494049626507803,-0.041544366968073655
110,0.5,0.25,1.0,1.0,0.2682775032515152,-0.06846996166104777,0.12707067047315604,-0.1474564698484365,-0.10014726922145491,-0.0407496731549003,0.08077497583993867,-0.00831320098213312,0.06708138135135422,-0.002825555026336426
111,0.25,1.0,-1.0,1.0,0.2716694936379585,-0.1390180212847496,0.14841268606035168,-0.09384508864981952,-0.04291354803453817,-0.0369823983248002,0.0924101300823321,0.011493505012138075,0.033962050068140806,0.003285426182464062
112,0.0,0.0,0.0,1.0,0.2459663569795478,-0.08574264644471388,0.12279260044451805,-0.10423391500101474,-0.0242549453474369,-0.055938034944289644,0.09967985639861407,-0.022703637326605155,0.001750548710098374,0.0260614868483703
113,0.0,0.0,1.0,-1.0,0.2611893352364368,-0.11196021654399416,0.13257337369540226,-0.1333252996025752,-0.033419704930429686,-0.0358241613711541,0.10293215941405685,-0.02359960595451273,-0.009153629162173391,-0.060462202164921326
114,0.0,0.0,-1.0,-1.0,0.23776651535157195,-0.1274276597177518,0.10120297806348484,-0.0576922822378853,-0.05410387296762179,-0.06262196980230433,0.09893659334257025,-0.07966522383350276,0.0811192597756069,0.0014857869522011623
115,0.0,0.0,1.0,-1.0,0.24539594584282393,-0.07574856306479104,0.13969023355409824,-0.1330776594605138,-0.034319543269044364,-0.06573950073600508,0.0897748814064601,-0.022704038739278468,0.027697531238781655,-0.022460290322267214
116,0.0,0.0,0.0,1.0,0.2313356474380514,-0.07315946546541736,0.10691700627004652,-0.08722820457601707,0.0008711751287179825,-0.05834477576276734,0.0517397032120559,-0.034414799999471064,0.02783588004967227,-0.003249651651451454
117,0.0,0.0,0.0,1.0,0.23061806204904806,-0.1284313460424747,0.11104817233890818,-0.061747027307769854,0.0026165025532757327,-0.05424112618353873,0.0843426058297494,0.00656828951448371,0.1129968354448469,0.040210378706307066
118,0.25,1.0,-1.0,1.0,0.24150238044305333,-0.0846368570489551,0.11189075668126246,-0.0529248122701807,0.0070535458855716104,-0.025813777973187353,0.04550715007308017,-0.0561990005896538,0.02713625773682318,-0.07734722388911139
119,0.0,0.0,-1.0,-1.0,0.22797962136890074,-0.16827424752372808,0.16392330249049775,-0.03918764023369594,-0.0005301195288797167,-0.07402028553309516,0.08213626958839969,-0.029623413654058028,0.07126331776764806,0.05225244781692953
120,0.0,0.0,-1.0,-1.0,0.27200098901357084,-0.20560317017996138,0.1591873836832021,-0.026959545692975637,0.005455858730495152,-0.040768234706194714,0.07569299646742546,-0.034476808816588676,0.08447740344324968,0.024148646834003012
121,0.0,0.0,-1.0,-1.0,0.20914101348720743,-0.18780523123779705,0.1308441872496647,-0.042019866124483975,0.014354079330129905,-0.08527823727105671,0.07095260678066216,-0.007232123387911786,0.037663621095454555,0.026913572075691537
122,0.0,0.0,0.0,1.0,0.24650074983499837,-0.2472712494655459,0.1746541403818235,0.03281466618405396,0.013700678659625787,-0.09121548516492017,0.054707453846264624,-0.03740289517793195,0.06449010275787556,0.0570473496775
123,1.0,0.5,1.0,1.0,0.1984914146461561,-0.1916349217385955,0.15307229535999733,-0.040121710603747876,-0.04486308360967017,-0.052540297084753995,0.017019978345865334,-0.050164997544033,0.05612545887398876,0.021616980172361803
124,0.0,0.0,0.0,1.0,0.21781940657742258,-0.25476989265356914,0.18318563698667975,-0.00016453757246336802,-0.013679074823162184,-0.07082399191316895,0.054750601372635474,-0.04795473183003884,0.09754600542586707,0.04794130061438165
125,0.0,0.0,0.0,1.0,0.2026323602720603,-0.25135820492345784,0.16722638508657867,-0.003155578481837899,-0.04215368507082076,-0.053340315189278946,0.08058737343494347,-0.01799130405873717,0.02607234479459438,0.012637311482823843
126,0.0,0.0,1.0,-1.0,0.18624362498597105,-0.1898605632876088,0.16047816715870655,-0.018067506766974564,0.0023381733826666837,-0.07583235361472111,0.019217179201903627,0.010714231989386916,0.02719286672244006,0.021416166049514476
127,0.0,0.0,-1.0,-1.0,0.2354476031221218,-0.24583913997122084,0.15013416962641862,-0.0015198371421103528,0.04215645509306958,-0.0640364282090347,0.028376414647266292,0.018593558647044695,0.06910136823519726,0.034354031293110356
128,0.0,0.0,-1.0,-1.0,0.17871793617201132,-0.31254144332569056,0.19902982008910244,-0.021732717125448206,-0.004710844619499015,-0.003227502293335523,0.0008237030498256525,0.008797801143069994,0.050653154813006154,0.03179849215247891
129,0.0,0.0,0.0,1.0,0.19665945778299246,-0.24397870234915342,0.1948827448770601,0.020259316813614252,0.036855720860763,-0.06408510188141656,0.021001149181551427,-0.002970526227601879,0.048862514837996196,0.011559812372212078
130,0.0,1.0,-1.0,1.0,0.1960019944160644,-0.28599425767520464,0.16356741855261012,0.03798763117481004,0.03619365169850209,-0.06604222545233887,0.02358476571778282,0.0033861873618016786,0.03753936089242532,0.08541812362951631
131,0.0,1.0,-1.0,1.0,0.18704228709010878,-0.30203799002107845,0.20921268450394673,0.006377873867210112,0.04507296234293399,-0.041855880734543334,0.012004448594626262,-0.008829256466390099,0.06762507873203509,-0.016012865251482034
132,0.5,0.0,1.0,1.0,0.19940036286332932,-0.309450552928957,0.1546609913502498,0.02169820215009024,0.0493003509864224,-0.046496588576265485,0.0274360008904695,-0.00580268982031247,0.03211631665224874,0.07309890928659313
133,0.0,1.0,-1.0,1.0,0.17600413549004426,-0.26452057037535376,0.2057940654180501,-0.003925819840382276,0.08363328654447431,-0.04119929022927474,-0.010666346803972958,0.03669734076675144,-0.021089178388298924,0.05958188424138474
134,0.0,0.0,1.0,-1.0,0.14264744828887774,-0.30702888255292826,0.17106753613760173,-0.0006115324919787879,0.036516476075879836,-0.08072533968670924,0.0026808688693016718,0.0285087266408389,-0.00954790075629568,0.027703463328636383
135,0.0,0.0,-1.0,-1.0,0.17272712728250803,-0.35358906219053515,0.1624101328116639,0.04771106604113957,0.007183071062616695,-0.03308307026796323,0.031923806077995096,0.01498458755780957,0.025308884592488142,0.02626242030906552
136,0.0,0.0,1.0,-1.0,0.15533698847186656,-0.34176879718788644,0.1561156165881645,0.06195353241155161,0.06766458499950423,-0.06185248523430451,0.010675112466804571,0.03337932169286425,-0.020523981805354422,0.06105047774853576
137,0.0,0.0,-1.0,-1.0,0.11514682095962805,-0.30606195044616646,0.213160569643804,0.045080803981492036,0.06373015272840192,-0.07627148491081016,-0.016238923750746592,0.017357583933593157,-0.044075263323021155,0.03969057118502281
138,0.0,0.0,1.0,-1.0,0.1412200712449227,-0.3455330344314081,0.17178478426565522,0.04925729159384031,0.05195300028694204,-0.05203362195024408,-0.00922321506613447,-0.007483607883003929,0.007739144249818677,0.059271209763823336
139,0.0,0.0,-1.0,-1.0,0.11680469402912283,-0.32263764283169144,0.19678412942582868,0.0428568454695422,0.05072832561871862,-0.04970595422238906,-0.017030940860229486,0.038515799940664806,-0.011246043297932697,0.049504387843757894
140,0.0,0.0,0.0,1.0,0.11867865568954224,-0.32415769942988953,0.19183187669279433,0.033337309052325875,0.04682682135655279,-0.055604909454860185,-0.013616966626304006,0.05050777675457182,-0.03252697842461954,1.6360845285108906e-05
141,0.5,0.0,1.0,1.0,0.122928287280987,-0.35431599906022726,0.13613059551203435,0.11456024157323394,0.05520684558068437,-0.0495939295349054,-0.029677175172710794,-0.007436248574093436,0.02130603906610525,0.04236239876715322
142,0.25,0.5,-1.0,1.0,0.1470356203860517,-0.3814569010371854,0.19309148084705055,0.08935085214564593,0.0570667785931729,-0.050448844480535056,-0.01138014754383875,0.018970507566045052,-0.0733133806501149,0.017634323043364382
143,0.25,1.0,-1.0,1.0,0.08583860893526567,-0.3239769429330116,0.16484138353029973,0.09126391436325032,0.05557158163944799,-0.05015860244608082,-0.016149363947671688,0.010518746757144058,-0.019751946801461806,0.02690649292265816
144,0.5,0.0,1.0,1.0,0.09417005825044794,-0.2976481484750923,0.19468200935709817,0.0809956218611301,0.1108320619554995,-0.05374468368401183,-0.042079935483778405,0.027771891792232117,-0.062311561021117685,-0.012673021465272515
145,1.0,0.0,1.0,1.0,0.08277573887594475,-0.34513874962082086,0.18365920116346576,0.07894977759628855,0.044698508003166736,-0.05453674188266442,-0.08034912702438958,0.05347925565666105,-0.08888928933306639,0.011193609492577505
146,0.0,0.0,-1.0,-1.0,0.09656257610832888,-0.3744469561141658,0.1843410584482019,0.12002830222082383,0.036733142121483695,-0.039204913544117,-0.01824973012883533,0.03166690665234123,0.012262973728624586,0.020782287507892253
147,0.0,0.0,0.0,1.0,0.07606676730204963,-0.3409428417915721,0.16329409362671657,0.09276443895174723,0.0585214520234848,-0.04018408950613852,-0.05147123929046822,0.004558802839358317,-0.07089094994831177,-0.017346991757561984
148,0.25,0.5,-1.0,1.0,0.07314838669960129,-0.3265754449884465,0.1294464072478952,0.10367921104665861,0.04865016737458049,-0.004741315034892903,-0.0012539023387047215,0.03954094747035114,-0.07357874772283698,0.040814064642115
149,0.0,1.0,-1.0,1.0,0.0675086136521096,-0.32481487881328586,0.1325032337017336,0.06812899968796375,0.023162723694454677,-0.03094604758622379,-0.03898088900019004,0.04532807040545359,-0.04353255586523559,-0.007666551818648541
150,0.0,0.0,0.0,1.0,0.057507358572514315,-0.360766246146759,0.17957030250294825,0.1372892022928946,0.040602368096019116,-0.043509014623191726,-0.05292059547237499,0.04680945453363857,-0.08307704116088017,-0.04750069751111048
151,1.0,0.25,1.0,1.0,0.0694307535810314,-0.34767181651041945,0.11376603813990295,0.11578322050893879,0.03543937891359663,-0.010528943643745315,-0.030696825688638622,0.048354069974846314,-0.08931798444514347,0.018694080631503247
152,1.0,0.25,1.0,1.0,0.02683893963315042,-0.3147957738354855,0.10160941048682674,0.11607291461390679,0.0039020124570190912,0.010689141877565755,-0.038031632962214214,0.040400199973895275,-0.07368527021430094,-0.04946381765318453
153,0.0,0.0,0.0,1.0,0.07198479150948693,-0.33936155593882794,0.11848667559935734,0.07314353607185117,0.022935061197032446,0.026855641633417072,-0.04921840117500243,0.016327635256352186,-0.03941133937236572,-0.0032261333949152008
154,0.0,0.0,0.0,1.0,0.038740748574877526,-0.3038895793472968,0.15047303856942768,0.11571351998020274,0.06920962277009887,-0.0012281601928752154,-0.06104902894100196,0.06972847501126091,-0.0495881783740355,0.00513464964090398
155,1.0,0.25,1.0,1.0,0.023995619726408554,-0.35774461369499666,0.023432839579906575,0.1862821098764529,0.017489881140902188,-0.03300200609275051,-0.03861607814393454,0.009999779299159555,-0.05857865081172831,0.039403037909990744
156,0.0,0.0,0.0,1.0,-0.0053971053905014004,-0.26719444379090085,0.08871688931438511,0.13036740409790634,0.07862797858562896,-0.01907075518093218,-0.06608719450149303,0.04636658642760443,-0.08180724701201664,-0.04220970469197368
157,1.0,1.0,1.0,1.0,0.0047505170274745444,-0.3438816103599491,0.08881538405089007,0.11124858662837946,0.007321439854187768,0.022178699519469297,-0.056272193681409385,0.0019137792706724207,-0.05950858026318207,-0.021534870540511637
158,0.5,0.25,1.0,1.0,-0.028350708160524422,-0.30289285467550847,0.0411058215224132,0.14174583642234592,-0.007572075365231353,0.044411494728874144,-0.05680145427775722,0.018274085245541482,-0.036518070371117935,-0.05404318381730974
159,0.25,1.0,-1.0,1.0,0.018210006511592353,-0.3215777380355453,0.07284009797601808,0.11344058086722753,0.035033246955396405,-0.009038144524084609,-0.020036481894851126,-0.03371739366625754,-0.05674189912741331,-0.023971573899349227
160,0.5,0.0,1.0,1.0,-0.03308445441808425,-0.29717706234912433,0.06165649451613002,0.07923471001828078,0.0014123974617896245,0.05685534863469274,-0.018917568585966653,-0.005849992384789682,-0.026619257079425983,-0.029400281791874712
161,0.0,0.5,-1.0,1.0,-0.01967423894051379,-0.3183925404398919,0.011745153070486321,0.11742070943536748,0.011043013854129091,0.0008394857970903383,-0.04202969112869793,-0.04556245712642534,-0.03741533732709292,-0.044827768012828305
162,1.0,0.0,1.0,1.0,-0.02565941827867705,-0.29603937188165685,0.04006394953394142,0.11610973427718979,-0.009620044714289356,0.06541671889246531,0.0008442750360453244,-0.009670024056756326,-0.061020539260999596,-0.04231146540458917
163,0.5,1.0,1.0,-1.0,-0.014257778099331663,-0.3039414287958212,0.0068318922484443805,0.12800266871016175,0.02062951659072653,0.0016715224664519478,-0.006751937941989568,-0.04432961968755774,-0.025939751303038522,-0.010492576976949976
164,0.25,1.0,-1.0,1.0,-0.04700659326115218,-0.29330018815315223,0.04151312580703204,0.12112544390583486,-0.015299905063687856,0.08106623796627309,-0.041452096243745205,0.013779796580911234,-0.05332234309313033,-0.05102789438701147
165,1.0,0.25,1.0,1.0,-0.043223393730932286,-0.271555947112618,-0.003122136786676774,0.10738215658906478,-0.018507161544348377,0.06463804901090588,-0.05404757104118271,-0.013911974575030217,-0.03191963370411972,-0.0415883975915939
166,1.0,0.0,1.0,1.0,-0.0032080787863384506,-0.2508589776638306,-0.027530222462185006,0.11487509505743711,-0.0047686757235774245,0.06331796274402089,-0.04802561020840456,0.0063448642706451916,-0.01053188663289136,-0.07329588607475862
167,1.0,0.5,1.0,1.0,-0.05360370039245089,-0.21773005399700396,-0.04913205643391312,0.10975502869912965,-0.019228177499381365,0.08068830588076112,-0.02759633555052018,-0.06697330978005996,-0.0071734012354062945,-0.04706315288509516
168,0.5,1.0,1.0,-1.0,-0.0048629232391084395,-0.24984723185004576,-0.06279708635762933,0.13638063047202156,-0.00927945505935291,0.09688846620070404,0.008550519923748256,-0.01280200540704682,-0.01366022871669964,-0.02400354101844726
169,0.0,0.25,-1.0,1.0,-0.057699631462091575,-0.2714442084887098,-0.0509927063703236,0.09206746200298713,-0.05563292793598832,0.11453263936346887,-0.022545067322177606,-0.005642179967232224,-0.012435883654217425,-0.03238750906417008
170,0.5,0.0,1.0,1.0,-0.08232574778408366,-0.2181738638664091,-0.05588514345149739,0.10160313498805996,-0.019676350155976376,0.06543701350564396,-0.04852124110759847,-0.03806453021346048,0.03492410644389893,-0.034663166681044015
171,0.25,0.5,1.0,-1.0,-0.03877025629377162,-0.2437319804789356,-0.002962297491843111,0.037698612296025495,-0.017037821963346862,0.09367364586011027,-0.025589160015912178,-0.04698560817256406,0.00014236247337602264,-0.06554048169066944
172,0.25,1.0,-1.0,1.0,-0.03164424436878585,-0.2349295671041266,-0.0565098361421461,0.08480879476147571,-0.01997663105495778,0.10014646899005558,-0.054456824513776,-0.009691769381151101,-0.015912244636595036,-0.06469672685472061
173,0.25,0.5,-1.0,1.0,-0.04925263533344659,-0.18140293685819497,-0.017141681703759733,0.036568927280199656,-0.025387980963596013,0.12385299611501102,-0.05330320595807941,-0.013497334071858184,0.01917109495714334,-0.10064609546403007
174,0.5,1.0,-1.0,1.0,-0.08623400669262377,-0.23191019487170983,-0.06689079436499197,0.111484585619329,-0.011532804246750003,0.10490025505088121,-0.06913359404921499,-0.04622199816680956,0.04062565042256064,0.001252576042714175
175,0.0,0.0,0.0,1.0,-0.08146274049713911,-0.19597386263807146,-0.05884181294803658,0.026048042502827,-0.04105905214392393,0.0955484581660892,-0.022051399538218438,-0.04959538005437583,0.00406968670424608,-0.05628375111850207
176,0.0,0.0,-1.0,-1.0,-0.08585813570518519,-0.2029624869560814,-0.0603717888459915,0.082949688601154,-0.004223196673063971,0.08328283895719392,-0.040773795886991385,-0.05870024191724211,-0.01633829456978527,-0.07934702976521366
177,0.0,0.0,1.0,-1.0,-0.08913359529610156,-0.2126527177691264,-0.0735228048649545,0.07694815471750001,-0.03127503583279693,0.12732221875748825,-0.01866491662821843,-0.07536773112015262,0.04690161334600741,-0.04592027341031194
178,0.0,0.0,0.0,1.0,-0.05977054732269192,-0.21720289592424746,-0.08101535877076595,0.04822301556605501,-0.032897990124163,0.05775484089633427,-0.022532357505683182,-0.04515243038294716,0.02387062337064167,-0.0197770053387266
179,0.0,0.0,-1.0,-1.0,-0.07376942062543092,-0.20882574436363732,-0.11215108074792081,0.08068175064837757,-0.04914186279964073,0.062397704941660886,0.009257124252268911,-0.03729647564980412,0.005598843628948923,-0.03118057843628273
180,0.0,0.0,-1.0,-1.0,-0.07644679013519848,-0.17377864592977665,-0.12276928989658598,0.04973228078671887,-0.029695118869109742,0.08034350022968612,-0.04698080764795132,-0.03208879209459252,-0.009863223137780803,-0.046081473922954565
181,0.0,0.0,-1.0,-1.0,-0.09432592125687286,-0.17419611007083183,-0.12288317024060011,0.04020566243325916,-0.039167626098749145,0.0744672191243163,-0.010105742698838783,-0.04502071081526705,0.03877210793260768,-0.0159616336745239
182,0.0,0.0,-1.0,-1.0,-0.09182006482923898,-0.18480199412322504,-0.08403558035361208,0.06423237419431634,-0.03517402590696363,0.09917854546639972,-0.028174084509617326,-0.03286382650328225,0.0447967611599035,-0.018783908113946736
183,0.0,0.0,-1.0,-1.0,-0.07952208020248559,-0.1816794829003956,-0.11707364034631686,0.08287397370870139,-0.019228476988513172,0.04631533068855238,-0.008153200222260877,-0.0067584449844195794,-0.013525791615812487,-0.03749161313206627
184,0.0,0.0,-1.0,-1.0,-0.07833221512083151,-0.1540635031476761,-0.10409399172012415,0.0527775400881151,-0.012623851436579767,0.05099911751820248,-0.029920420779374235,-0.04105777381479859,0.03399247462729149,-0.029898447168113223
185,0.0,0.0,-1.0,-1.0,-0.08799781526071096,-0.1686979755442382,-0.12953270223301006,0.09746093646623193,-0.03259131622751949,0.07830630840143313,0.013114759318216963,-0.050611935361359064,0.0577093513376671,-0.013924115543764125
186,0.0,0.0,0.0,1.0,-0.1035507223333288,-0.14742638107698297,-0.0941978075232079,0.05872038123124249,-0.004689125617624089,0.06014897425040255,-0.0368428352645191,-0.028540072092073404,0.023705934046737286,-0.02228246491418154
187,1.0,0.25,1.0,1.0,-0.11217396223565543,-0.15776376920149157,-0.10828038045520498,0.06650609407803208,-0.012456404850515251,0.0637366412247619,-0.0018016391679997461,-0.046158951855069165,0.021794685608575826,-0.017208978113472197
188,0.0,1.0,-1.0,1.0,-0.05957853730671357,-0.1655566383099282,-0.17134418637941246,0.07005375019297362,-0.01126008680336111,0.04647969628733059,-0.015427949336998419,0.001989293944652207,0.03179013481186669,0.019945518098880524
189,0.0,0.0,0.0,1.0,-0.0530505839065572,-0.17186889779186187,-0.1563601569122617,0.10144207967415594,-0.02589609528965798,0.06868394165758507,0.023931000961537233,-0.03271795257228332,0.02917691209385061,-0.01077044969193963
190,0.5,0.0,1.0,1.0,-0.11836803895714876,-0.1299663823574939,-0.15069721768386635,0.06133061705463775,-0.04453754787469092,0.08556701573761992,-0.02843311713789796,-0.017117997008826154,0.01020714843344708,0.01388620783091928
191,0.0,0.5,-1.0,1.0,-0.05691716969471876,-0.16335951224423834,-0.17633202282444893,0.07174130262598014,-0.04197000030911768,0.07558978594447169,0.019321704038765077,-0.014575185978667294,0.03940451343180299,0.05663946267945475
192,0.0,0.25,-1.0,1.0,-0.11008195595591372,-0.16672424687706064,-0.19046054567734153,0.07446515243966419,-0.06424669077796642,0.04820233247805822,-0.014073141179865653,-0.02157163088825969,0.023321559501429973,0.03120726917074375
193,0.0,0.0,1.0,-1.0,-0.07541227917991727,-0.1199834269578863,-0.19357004948001114,0.07708088615283586,-0.05413356705115629,0.04090364159064807,0.02670207305326166,-0.009717407687562792,0.026624482320414027,-0.01641916278645027
194,0.0,0.0,1.0,-1.0,-0.11898803511105438,-0.1199245682696354,-0.20726667356360806,0.05015212096046211,-0.08119470915403176,0.07140184819227499,0.002964184939447088,-0.016069519358330394,0.04744115375157319,-0.0020977155982992166
195,0.0,0.0,0.0,1.0,-0.09424758638314903,-0.14548698887541045,-0.16757959952905427,0.05200411576069087,-0.06681031361025572,0.04586032499653089,0.03114462408468288,0.0008774252338336301,0.014428975022269629,0.025605467881379834
196,0.5,1.0,-1.0,1.0,-0.06644375064216469,-0.08394634706979504,-0.24321428958390515,0.034157823750825336,-0.034354695130173286,0.04852427137322205,0.04328834844010939,-0.007343341429959561,0.021254773885045056,0.06306956867298184
197,0.25,0.25,-1.0,-1.0,-0.08428085422159629,-0.14704286713641126,-0.23531573286492097,0.06735164282733966,-0.062136276979695246,0.06454679023794069,-0.03654670858911097,-0.0010429007892464805,0.025819212336664645,0.035703286476501686
198,0.0,0.5,-1.0,1.0,-0.07151527157174725,-0.11443728231510154,-0.22637241500902516,0.04646451480047423,-0.042436594708145245,0.07607300858554146,0.015617929581817704,-0.015466200166622748,0.047440008882989174,-0.028142536562086137
199,0.25,0.25,-1.0,1.0,-0.06521661955755857,-0.13639816762873744,-0.2046719190036987,0.046385671794628026,-0.02585200891553481,0.036467486937814486,0.021347668289894848,0.01743096290649729,0.01122566075073676,0.07051081840816253
200,0.25,1.0,-1.0,1.0,-0.06655350508171758,-0.11025426136845332,-0.205784929402852,0.008888560250995109,-0.018047783932345886,0.0185868189374591,-0.01465257552523546,-0.003281680260248555,0.05311763318795433,0.05201587624566435
201,0.0,0.0,-1.0,-1.0,-0.06218373356794526,-0.11980284022484919,-0.2462572874093027,0.0598886829809209,-0.006144638561293835,0.01307124150309419,0.0010315969413571679,0.018434819719993487,-0.006569065333006272,0.038585779077535666
202,0.0,0.0,-1.0,-1.0,-0.03722755547457773,-0.11359635081233987,-0.21695258692613353,0.04006970628348297,-0.0379798168858133,0.028128436693988897,-0.0008658646480183148,0.049632265925933186,0.0471195325419145,0.07738545697464884
203,0.0,0.0,-1.0,-1.0,-0.08630191527745701,-0.08302936720395312,-0.23881170574207028,0.026040693498488192,-0.025245334804427727,0.033173973629882544,-0.01549412552447646,0.003320653529009584,0.04776355608574272,0.0551303575899289
204,0.0,0.0,0.0,1.0,-0.0851805663035026,-0.1390375149469959,-0.20307211015914664,0.034713039990159296,-0.07701204693518295,0.03985739278704651,0.04540438448370867,0.02931652701745782,-0.010847356457128372,0.05942852926966258
205,0.5,1.0,-1.0,1.0,-0.0682003575773229,-0.10342155398322667,-0.2119243268017727,0.03579668290235275,-0.03932900531741685,0.014321332265567881,0.030792899383338047,-0.011393230213806916,0.019692705507052995,0.03632476575079455
206,0.25,0.5,-1.0,1.0,-0.11536547041025932,-0.10525660858147855,-0.23004708082639963,0.03331993202108074,-0.07329646090717536,0.00670485905959418,-0.03684889580035054,0.002835812794082171,0.01743182876301342,0.012748523958036334
207,0.0,0.0,-1.0,-1.0,-0.06634731362953278,-0.13404189799647434,-0.2703453233346161,0.03223274510158483,-0.06865461342021294,0.04066384658337428,0.015927992847645595,0.04315638131106933,0.07247576056571345,0.12527658940689954
208,0.0,0.0,0.0,1.0,-0.10712181098783342,-0.0911522113646432,-0.25233027034762484,0.06464525389906009,-0.047079941840364514,0.03256717360317221,0.005586856086143221,-0.009306168866991133,-0.0024589754055991554,0.027809216803220946
209,1.0,0.25,1.0,1.0,-0.04988505959624346,-0.05293809551617897,-0.29247309643418745,0.03647429753399665,-0.07119102157982958,0.008768482039015998,0.07892563555077554,0.05146669057558448,0.019993831155061675,0.07631735911712892
210,0.25,0.5,-1.0,1.0,-0.07486697422879968,-0.06669251367148701,-0.2760552100589936,-0.0036440393701059138,-0.05767939077038055,0.010221986885711108,0.0355604402701643,0.013523739419712967,0.008456328009933567,0.04894603107547948
211,0.0,0.5,-1.0,1.0,-0.08081306401344586,-0.06815453536022817,-0.26480974449333833,0.0006728293620431232,-0.03863304068374501,0.001983764412570473,0.09130656847812854,0.03517508192495606,-0.010797435268359572,0.07290598436646847
212,0.0,0.0,-1.0,-1.0,-0.0837391182329247,-0.05113527956897395,-0.3126331810974757,-0.04068885664983773,-0.05967202566473312,-0.013943414394969668,0.025250407551335823,-0.0280862948525004,0.0561589521728819,0.05343215487574086
213,0.0,0.0,0.0,1.0,-0.0766148179360055,-0.031721191302779554,-0.31061055827546225,-0.03706909697324822,-0.01101195864426501,-0.01961765482306234,0.042427104992428244,-0.020152290562232396,-0.01681985076972525,0.0510994944720327
214,0.5,0.0,1.0,1.0,-0.10321768560541125,-0.03159794300110394,-0.24345481427557175,-0.006017822413018929,-0.043031082500850706,0.012621328910062148,0.05075372920810564,-0.021848691517590706,0.052500243886788846,0.036167273611620226
215,0.25,1.0,-1.0,1.0,-0.08599545216478129,-0.02100195459294272,-0.26055417801274244,-0.0606272748111061,-0.057801353420996404,0.0082351830841462,0.02640486725352339,0.02358665958218887,0.02642584010207825,-0.04094268901166694
216,1.0,0.25,1.0,1.0,-0.10252889660605552,-0.014896904038191348,-0.21829917836994633,-0.027480651814595178,-0.027888729739961624,-0.029164807571834272,-0.008884356058684506,0.017235077823903655,0.0054622118462072525,-0.016143844167156512
217,0.0,0.0,-1.0,-1.0,-0.07750590885591645,-0.007729440879319536,-0.2470458450010876,0.0005820156018550566,-0.009955290037317906,0.007420679825514151,0.045253353764282966,0.035740750901316745,-0.007761608416892769,-0.021266939086698092
218,0.0,0.0,0.0,1.0,-0.04394996961577876,-0.05289948047571578,-0.21877678257873978,-0.0282899527995311,-0.0038311406520808843,-0.07051768745191385,0.014595208371927747,-0.0047057019076174175,0.002138374948767067,-0.024372324096700353
219,0.0,0.25,-1.0,1.0,-0.09745554470257073,0.01517557248349193,-0.276255280038131,-0.013270706956466287,-0.009102350779068704,-0.04382893119558062,0.02996913652169122,-0.009802422422694409,-0.0017927702908751301,-0.004936857459163198
220,0.0,0.0,-1.0,-1.0,-0.06479241229795822,-0.04239771264158238,-0.24631924211726247,0.003364854405291734,-0.021450676407341777,-0.02355786095887446,0.01337279405500269,0.013258663961224396,0.01984748826081,-0.004165188810302328
221,0.0,0.0,0.0,1.0,-0.09415958998229254,-0.01410102370777,-0.2770731741991761,-0.03336055255412486,-0.007738840226938071,-0.030328221097228516,0.022391074157780508,0.029362371880007506,-0.013165051442789342,-0.0003902252409402113
222,0.0,0.0,-1.0,-1.0,-0.03511711842802631,-0.06443906866535201,-0.21694417440565206,-0.02680468393977086,-0.01838320059473665,-0.07222605842744376,0.06247130355380226,0.017619688850161883,0.0045684273951725985,0.0020579478019360394
223,0.0,0.0,-1.0,-1.0,-0.06694234585926088,0.01626237084953295,-0.2503682632681522,-0.0288063447488194,0.009198948744566808,-0.09111219060446353,0.03108561070155514,0.00788069339366928,-0.02781624002014105,0.020697517624477763
224,0.0,0.0,-1.0,-1.0,-0.04721606515393798,-0.021402591909275605,-0.24593847171622535,-0.061262060370661606,-0.01093094302638022,-0.05386181210286351,0.016975456500668725,0.044139379176205536,-0.030719174417295186,0.012587537019628526
225,0.0,0.0,-1.0,-1.0,-0.07510217687141059,0.0008236742047168104,-0.252174706322386,-0.04302650955408106,0.0008485961918814634,-0.050871749939800606,0.011133232713722024,-0.005251220026844291,0.022514121311182213,-0.04125172303679203
226,0.0,0.0,0.0,1.0,-0.06586648786144193,0.012901670786886183,-0.25491078511629545,-0.03299135246473404,0.021553684871082463,-0.05412892722590685,0.016050532572666233,0.029466496979150388,0.018935399475565846,0.016729222745840266
227,1.0,0.0,1.0,1.0,-0.08068698869690152,-0.030046837427846723,-0.22937907207611,-0.057742536026430945,-0.03448464327053245,-0.04857797831089385,-0.006856764439338104,0.006917155001469563,0.013423443818818128,0.007532859466409651
228,1.0,1.0,1.0,1.0,-0.09253504151515235,0.005948014776870056,-0.2082908869218626,-0.04422774221384487,-0.0029595648701354286,-0.053193118921404485,-0.0035565690435449683,0.03214835801342479,0.023730874352465063,-0.01688812475138732
229,0.5,1.0,1.0,-1.0,-0.1054181933667093,0.0051928100359711,-0.22860135812091792,-0.04428863599741553,-0.009480687673400021,-0.10316256823710251,0.0290793775750869,-0.02150539185928253,0.01162089075168833,-0.014430269789832164
230,0.5,0.5,1.0,1.0,-0.08528183158566972,0.03076278327185749,-0.22852623301790922,-0.07444442502884577,0.015744156844802803,-0.07816237615822584,-0.010403739670697677,0.005657828759236415,-0.02291891814018602,-0.05827836060201652
231,1.0,0.5,1.0,1.0,-0.10056816839837511,0.01771941763422407,-0.2605155759918631,-0.042458329543960456,0.007177775485049665,-0.0329087285037714,-0.005865191852199447,0.011558116464957526,0.005959707907957349,-0.017388210394967747
232,0.5,0.25,-1.0,-1.0,-0.055368480707342876,0.007446546481763945,-0.2051526201478621,-0.010743138670069067,0.024851557578733773,-0.11955713227721168,0.02778184529114907,0.01704037160654213,-0.04631808581398077,-0.0982920242383886
233,0.0,0.25,-1.0,1.0,-0.08016504076186282,0.05684827234174735,-0.21509221134205503,-0.09068320858215997,0.032099188124282814,-0.06732168857510508,-0.005786957966407768,0.047292858293551114,-0.012973766607293142,-0.03270836342714222
234,0.25,0.5,-1.0,1.0,-0.09315943039587055,0.026963870858313605,-0.25795149404531026,-0.0457593674884161,0.01102415661900298,-0.059609112012917354,-0.017149973941055652,0.00985676115914665,-0.025541748218653834,-0.018368694276869622
235,0.25,1.0,1.0,-1.0,-0.04739842810068451,0.05690022423278253,-0.24214280891353174,-0.03995925899284789,0.06447516533293911,-0.1207646809371848,0.01909750019293815,0.026721445713853334,-0.027085174454796544,0.016943666020516737
236,0.25,1.0,-1.0,1.0,-0.06207739053932997,0.0854887965308275,-0.2290932335668666,-0.024015992411532554,0.06365302577395687,-0.11761142221443793,0.02707294736874048,0.023241948502904692,-0.053951515069455246,-0.008322381280490412
237,1.0,0.0,1.0,1.0,-0.0763734173609137,0.01429865251044212,-0.25044440206277613,-0.04099019213181978,0.04199207629114575,-0.11887549216628973,0.008524297215704264,-0.017960780555003237,-0.040592871799435326,0.01317123084158029
238,0.0,0.25,-1.0,1.0,-0.06812974731800865,0.07097019504451191,-0.19889137036474724,-0.07116806507801125,0.083079856597818,-0.09702277497518595,0.021725584937065435,0.02871162779772162,-0.053443764024974444,-0.03125757682576417
239,1.0,0.0,1.0,1.0,-0.08271616193521554,0.06630031840847561,-0.18066448747659283,-0.06559041786775052,0.07595896995541582,-0.11382537107729261,-0.004527163754297595,0.021367736042136206,-0.0741249431922871,-0.03653151815376389
240,0.0,0.0,1.0,-1.0,-0.09743409274797166,0.08658156990358012,-0.23247813990814403,-0.10587890731341897,0.030076629124164606,-0.07240449329892024,-0.022786913994452943,0.03719863164061736,-0.020768125441567902,0.002360007517021659
241,0.0,0.0,-1.0,-1.0,-0.08803457107614648,0.06625440721980976,-0.18665381460684102,-0.06861978750256352,0.0518893502456777,-0.06669219652466177,-0.026319169897334307,0.015200825340785694,0.0047923339709981085,0.004714923921784463
242,0.0,0.0,0.0,1.0,-0.055726420731731195,0.0709730357410224,-0.1710730118977931,-0.053422004969000424,0.04512260923976419,-0.09868575154934697,0.02419561726402445,0.030749086544338118,-0.06318852256820807,-0.013297040648487246
243,0.25,0.0,1.0,1.0,-0.10427758198645658,0.083155720456386,-0.19710206032227662,-0.07600441303617989,0.04267487078521624,-0.11062365055566459,0.010098066177947838,0.04492613160878118,-0.06333630416601864,-0.02208722573610797
244,0.5,1.0,-1.0,1.0,-0.11356448362923165,0.0885276490218509,-0.21257124428129642,-0.07988236813461003,0.036837719665179285,-0.09424137979874439,-0.022355176503833167,0.04372854295757548,-0.04883465544911742,-0.03141779774852306
245,0.25,1.0,1.0,-1.0,-0.09260467777644939,0.09385932743020228,-0.1933562711018186,-0.04629192505716098,0.0797892628944991,-0.11465459818289396,-0.006143341546203587,0.04786987760780563,-0.06685189353249257,-0.006261882440679888
246,0.25,1.0,-1.0,1.0,-0.09889115830221953,0.08417761284389598,-0.20127804138456487,-0.026729444397077834,0.039686804247618064,-0.0960101878341106,0.0037712778483349413,0.047446815990877085,-0.07404287465695426,0.003194064927938619
247,0.5,0.0,1.0,1.0,-0.08677929177863253,0.08790760872153612,-0.20740319492622675,-0.029211079570974244,0.06858026850173994,-0.06314085867608264,0.0005501918773660693,0.04058029261707226,-0.07089125434409509,-0.027572157551447495
248,0.0,1.0,-1.0,1.0,-0.09805283977319149,0.10077568646142222,-0.16278200073447052,-0.06011172112760612,0.020914132753363263,-0.16577807153128232,0.05708782697707427,0.06924516212364307,-0.04892594370353946,0.010127455859890657
249,0.5,0.5,1.0,1.0,-0.11012407235896642,0.10706266855202934,-0.21598875787780705,-0.040809190959854774,0.04512072896234316,-0.09950129278241114,0.048249094252588096,0.0408055696037857,-0.09198300435805078,-0.0384954980740461
